url,path,route_type,sitemap_lastmod,coverage,evidence_note
https://ctmsgas.com/,/,site_page,,rendered_page_read,Browser rendered public page
https://ctmsgas.com/product,/product,site_page,,rendered_page_read,Browser rendered public page
https://ctmsgas.com/resources,/resources,site_page,,rendered_page_read,Browser rendered public page
https://ctmsgas.com/about-us,/about-us,site_page,,sitemap_discovered_only,Title/URL only; body not reviewed
https://ctmsgas.com/industries,/industries,site_page,,rendered_page_read,Browser rendered public page
https://ctmsgas.com/ctmsgas_mobile_about_us.html,/ctmsgas_mobile_about_us.html,site_page,2026-09-27,sitemap_discovered_only,Title/URL only; body not reviewed
https://ctmsgas.com/ctmsgas_mobile_Privacy_Policy.html,/ctmsgas_mobile_Privacy_Policy.html,site_page,2026-09-27,sitemap_discovered_only,Title/URL only; body not reviewed
https://ctmsgas.com/ctmsgas_mobile_Terms_of_Use.html,/ctmsgas_mobile_Terms_of_Use.html,site_page,2026-09-27,sitemap_discovered_only,Title/URL only; body not reviewed
https://ctmsgas.com/careers,/careers,site_page,,sitemap_discovered_only,Title/URL only; body not reviewed
https://ctmsgas.com/contact-us,/contact-us,site_page,,rendered_page_read,Browser rendered public page
https://ctmsgas.com/privacy-policy,/privacy-policy,site_page,,rendered_page_read,Browser rendered public page
https://ctmsgas.com/payment-policy,/payment-policy,site_page,,rendered_page_read,Browser rendered public page
https://ctmsgas.com/terms-and-conditions,/terms-and-conditions,site_page,,rendered_page_read,Browser rendered public page
https://ctmsgas.com/trademark-usage-guidelines,/trademark-usage-guidelines,site_page,,sitemap_discovered_only,Title/URL only; body not reviewed
https://ctmsgas.com/erp-modules,/erp-modules,site_page,,rendered_page_read,Browser rendered public page
https://ctmsgas.com/cylinder-tracking-software,/cylinder-tracking-software,site_page,,rendered_page_read,"Browser rendered public page; headline, feature list and visible SEO answers read; accordion answers not expanded"
https://ctmsgas.com/cylinder-qr-tracking,/cylinder-qr-tracking,site_page,,rendered_page_read,"Browser rendered public page; headline, feature list and visible SEO answers read; accordion answers not expanded"
https://ctmsgas.com/rfid-cylinder-tracking,/rfid-cylinder-tracking,site_page,,rendered_page_read,Browser rendered public page
https://ctmsgas.com/barcode-cylinder-tracking,/barcode-cylinder-tracking,site_page,,rendered_page_read,"Browser rendered public page; headline, feature list and visible SEO answers read; accordion answers not expanded"
https://ctmsgas.com/cylinder-rental-management,/cylinder-rental-management,site_page,,rendered_page_read,Browser rendered public page
https://ctmsgas.com/cylinder-inventory-software,/cylinder-inventory-software,site_page,,rendered_page_read,Browser rendered public page
https://ctmsgas.com/gas-distribution-software,/gas-distribution-software,site_page,,rendered_page_read,"Browser rendered public page; headline, feature list and visible SEO answers read; accordion answers not expanded"
https://ctmsgas.com/gas-cylinder-management-software,/gas-cylinder-management-software,site_page,,rendered_page_read,"Browser rendered public page; headline, feature list and visible SEO answers read; accordion answers not expanded"
https://ctmsgas.com/industrial-gas-erp,/industrial-gas-erp,site_page,,rendered_page_read,"Browser rendered public page; headline, feature list and visible SEO answers read; accordion answers not expanded"
https://ctmsgas.com/medical-gas-management,/medical-gas-management,site_page,,rendered_page_read,"Browser rendered public page; headline, feature list and visible SEO answers read; accordion answers not expanded"
https://ctmsgas.com/medical-oxygen-tracking,/medical-oxygen-tracking,site_page,,rendered_page_read,"Browser rendered public page; headline, feature list and visible SEO answers read; accordion answers not expanded"
https://ctmsgas.com/oxygen-cylinder-software,/oxygen-cylinder-software,site_page,,rendered_page_read,"Browser rendered public page; headline, feature list and visible SEO answers read; accordion answers not expanded"
https://ctmsgas.com/lpg-cylinder-software,/lpg-cylinder-software,site_page,,rendered_page_read,"Browser rendered public page; headline, feature list and visible SEO answers read; accordion answers not expanded"
https://ctmsgas.com/gas-erp-india,/gas-erp-india,site_page,,rendered_page_read,"Browser rendered public page; headline, feature list and visible SEO answers read; accordion answers not expanded"
https://ctmsgas.com/roi-calculator,/roi-calculator,site_page,,rendered_page_read,Browser rendered public page
https://ctmsgas.com/become-a-partner,/become-a-partner,site_page,,sitemap_discovered_only,Title/URL only; body not reviewed
https://ctmsgas.com/blog,/blog,blog_index,,sitemap_discovered_only,Title/URL only; body not reviewed
https://ctmsgas.com/blog/categories,/blog/categories,blog_category,,sitemap_discovered_only,Title/URL only; body not reviewed
https://ctmsgas.com/blog/category/cylinder-tracking-erp,/blog/category/cylinder-tracking-erp,blog_category,,sitemap_discovered_only,Title/URL only; body not reviewed
https://ctmsgas.com/blog/category/asset-rental-management,/blog/category/asset-rental-management,blog_category,,sitemap_discovered_only,Title/URL only; body not reviewed
https://ctmsgas.com/blog/category/gas-plant-operations,/blog/category/gas-plant-operations,blog_category,,sitemap_discovered_only,Title/URL only; body not reviewed
https://ctmsgas.com/blog/category/safety-and-compliance,/blog/category/safety-and-compliance,blog_category,,sitemap_discovered_only,Title/URL only; body not reviewed
https://ctmsgas.com/blog/category/qr-and-rfid-tracking,/blog/category/qr-and-rfid-tracking,blog_category,,sitemap_discovered_only,Title/URL only; body not reviewed
https://ctmsgas.com/blog/category/industry-news-and-trends,/blog/category/industry-news-and-trends,blog_category,,sitemap_discovered_only,Title/URL only; body not reviewed
https://ctmsgas.com/blog/everest-kanto-cylinder-appoints-amitkumar-c-choksi-as-2026-q09s,/blog/everest-kanto-cylinder-appoints-amitkumar-c-choksi-as-2026-q09s,blog_article,2026-06-19,sitemap_discovered_only,Title/URL only; body not reviewed
https://ctmsgas.com/blog/shakti-commissions-178-tpd-gas-plant-in-gujarat-2026-oeik,/blog/shakti-commissions-178-tpd-gas-plant-in-gujarat-2026-oeik,blog_article,2026-06-19,sitemap_discovered_only,Title/URL only; body not reviewed
https://ctmsgas.com/blog/peso-is-not-just-a-regulator-it-is-a-facilitator-r-2026-jba8,/blog/peso-is-not-just-a-regulator-it-is-a-facilitator-r-2026-jba8,blog_article,2026-06-19,sitemap_discovered_only,Title/URL only; body not reviewed
https://ctmsgas.com/blog/firm-unveils-innovations-to-curb-gas-explosions-2026-rmhq,/blog/firm-unveils-innovations-to-curb-gas-explosions-2026-rmhq,blog_article,2026-06-19,sitemap_discovered_only,Title/URL only; body not reviewed
https://ctmsgas.com/blog/industrial-gases-market-worth-126-526-8-million-by-20-2026-ge5v,/blog/industrial-gases-market-worth-126-526-8-million-by-20-2026-ge5v,blog_article,2026-06-19,sitemap_discovered_only,Title/URL only; body not reviewed
https://ctmsgas.com/blog/now-25-day-wait-to-book-gas-cylinder-2026-ocbc,/blog/now-25-day-wait-to-book-gas-cylinder-2026-ocbc,blog_article,2026-06-19,sitemap_discovered_only,Title/URL only; body not reviewed
https://ctmsgas.com/blog/closed-oxygen-plant-reopens-in-palpa-2026-lhad,/blog/closed-oxygen-plant-reopens-in-palpa-2026-lhad,blog_article,2026-06-19,sitemap_discovered_only,Title/URL only; body not reviewed
https://ctmsgas.com/blog/a-better-way-to-track-hazardous-chemical-inventories-2026-i218,/blog/a-better-way-to-track-hazardous-chemical-inventories-2026-i218,blog_article,2026-06-19,sitemap_discovered_only,Title/URL only; body not reviewed
https://ctmsgas.com/blog/commercial-lpg-gas-cylinder-prices-hiked-by-rs-195-acr-2026-mk0u,/blog/commercial-lpg-gas-cylinder-prices-hiked-by-rs-195-acr-2026-mk0u,blog_article,2026-06-19,sitemap_discovered_only,Title/URL only; body not reviewed
https://ctmsgas.com/blog/acquisition-of-a-large-scale-gas-plant-at-tata-steel-l-2026-cjy9,/blog/acquisition-of-a-large-scale-gas-plant-at-tata-steel-l-2026-cjy9,blog_article,2026-06-19,sitemap_discovered_only,Title/URL only; body not reviewed
https://ctmsgas.com/blog/lpg-cylinders-will-soon-come-with-qr-codes-says-piyus-2026-qrj0,/blog/lpg-cylinders-will-soon-come-with-qr-codes-says-piyus-2026-qrj0,blog_article,2026-06-19,sitemap_discovered_only,Title/URL only; body not reviewed
https://ctmsgas.com/blog/hydrogen-selenide-gas-market-growth-to-accelerate-by-2-2026-p9j3,/blog/hydrogen-selenide-gas-market-growth-to-accelerate-by-2-2026-p9j3,blog_article,2026-06-19,sitemap_discovered_only,Title/URL only; body not reviewed
https://ctmsgas.com/blog/cylinder-tracking-software-best-practices-2026-g7rk,/blog/cylinder-tracking-software-best-practices-2026-g7rk,blog_article,2026-06-19,sitemap_discovered_only,Title/URL only; body not reviewed
https://ctmsgas.com/blog/cylinder-rental-management-best-practices-2026-4usk,/blog/cylinder-rental-management-best-practices-2026-4usk,blog_article,2026-06-19,sitemap_discovered_only,Title/URL only; body not reviewed
https://ctmsgas.com/blog/smooth-lpg-distribution-maintained-across-maharashtra-2026-oyzu,/blog/smooth-lpg-distribution-maintained-across-maharashtra-2026-oyzu,blog_article,2026-06-19,sitemap_discovered_only,Title/URL only; body not reviewed
https://ctmsgas.com/blog/peso-compliance-india-best-practices-2026-4lik,/blog/peso-compliance-india-best-practices-2026-4lik,blog_article,2026-06-19,sitemap_discovered_only,Title/URL only; body not reviewed
https://ctmsgas.com/blog/zebra-tc22r-handheld-uhf-rfid-reader-2026-a6q8,/blog/zebra-tc22r-handheld-uhf-rfid-reader-2026-a6q8,blog_article,2026-06-19,sitemap_discovered_only,Title/URL only; body not reviewed
https://ctmsgas.com/blog/medical-oxygen-and-respiratory-support-requirements-fo-2026-k7nh,/blog/medical-oxygen-and-respiratory-support-requirements-fo-2026-k7nh,blog_article,2026-06-19,sitemap_discovered_only,Title/URL only; body not reviewed
https://ctmsgas.com/blog/real-world-cylinder-tracking-stories-2026-rwst,/blog/real-world-cylinder-tracking-stories-2026-rwst,blog_article,2026-06-26,sitemap_discovered_only,Title/URL only; body not reviewed
https://ctmsgas.com/blog/how-easy-ctms-cylinder-tracking-erp-2026-hect,/blog/how-easy-ctms-cylinder-tracking-erp-2026-hect,blog_article,2026-06-26,sitemap_discovered_only,Title/URL only; body not reviewed
https://ctmsgas.com/blog/cylinder-tracking-real-world-impact-2026-crwi,/blog/cylinder-tracking-real-world-impact-2026-crwi,blog_article,2026-06-26,sitemap_discovered_only,Title/URL only; body not reviewed
https://ctmsgas.com/blog/png-users-will-no-longer-be-able-to-keep-cylinders-2026-rhx7,/blog/png-users-will-no-longer-be-able-to-keep-cylinders-2026-rhx7,blog_article,2026-06-29,sitemap_discovered_only,Title/URL only; body not reviewed
https://ctmsgas.com/blog/india-uk-conference-on-green-hydrogen-standards-and-sa-2026-7em0,/blog/india-uk-conference-on-green-hydrogen-standards-and-sa-2026-7em0,blog_article,2026-06-29,sitemap_discovered_only,Title/URL only; body not reviewed
https://ctmsgas.com/blog/what-is-the-new-qr-code-system-to-crack-down-on-fake-m-2026-1g51,/blog/what-is-the-new-qr-code-system-to-crack-down-on-fake-m-2026-1g51,blog_article,2026-06-29,sitemap_discovered_only,Title/URL only; body not reviewed
https://ctmsgas.com/blog/igc-signs-new-agreements-under-oman-spot-gas-market-2026-cc4j,/blog/igc-signs-new-agreements-under-oman-spot-gas-market-2026-cc4j,blog_article,2026-06-29,sitemap_discovered_only,Title/URL only; body not reviewed
https://ctmsgas.com/blog/trakaid-introduces-auto-capture-cylinder-data-system-2026-yie0,/blog/trakaid-introduces-auto-capture-cylinder-data-system-2026-yie0,blog_article,2026-06-29,sitemap_discovered_only,Title/URL only; body not reviewed
https://ctmsgas.com/blog/gas-leak-aftermath-tn-govt-revisits-plan-to-integrate-2026-gy5q,/blog/gas-leak-aftermath-tn-govt-revisits-plan-to-integrate-2026-gy5q,blog_article,2026-06-29,sitemap_discovered_only,Title/URL only; body not reviewed
https://ctmsgas.com/blog/industrial-gas-market-best-practices-2026-pxtz,/blog/industrial-gas-market-best-practices-2026-pxtz,blog_article,2026-06-29,sitemap_discovered_only,Title/URL only; body not reviewed
https://ctmsgas.com/blog/cylinder-tracking-software-2026-trends-2026-d5xw,/blog/cylinder-tracking-software-2026-trends-2026-d5xw,blog_article,2026-06-29,sitemap_discovered_only,Title/URL only; body not reviewed
https://ctmsgas.com/blog/cylinder-rental-management-2026-trends-2026-exyd,/blog/cylinder-rental-management-2026-trends-2026-exyd,blog_article,2026-06-29,sitemap_discovered_only,Title/URL only; body not reviewed
https://ctmsgas.com/blog/govt-ensures-uninterrupted-supply-of-lpg-across-the-co-2026-ji3j,/blog/govt-ensures-uninterrupted-supply-of-lpg-across-the-co-2026-ji3j,blog_article,2026-06-29,sitemap_discovered_only,Title/URL only; body not reviewed
https://ctmsgas.com/blog/osha-no-existing-regulations-for-lpg-tanks-regulators-2026-3frl,/blog/osha-no-existing-regulations-for-lpg-tanks-regulators-2026-3frl,blog_article,2026-06-29,sitemap_discovered_only,Title/URL only; body not reviewed
https://ctmsgas.com/blog/industrial-gas-market-2026-trends-2026-xgbq,/blog/industrial-gas-market-2026-trends-2026-xgbq,blog_article,2026-06-29,sitemap_discovered_only,Title/URL only; body not reviewed
https://ctmsgas.com/blog/cylinder-tracking-software-complete-guide-2026-8vhu,/blog/cylinder-tracking-software-complete-guide-2026-8vhu,blog_article,2026-06-30,sitemap_discovered_only,Title/URL only; body not reviewed
https://ctmsgas.com/blog/cylinder-rental-management-complete-guide-2026-bfpp,/blog/cylinder-rental-management-complete-guide-2026-bfpp,blog_article,2026-06-30,sitemap_discovered_only,Title/URL only; body not reviewed
https://ctmsgas.com/blog/peso-compliance-india-2026-trends-2026-iks4,/blog/peso-compliance-india-2026-trends-2026-iks4,blog_article,2026-06-30,sitemap_discovered_only,Title/URL only; body not reviewed
https://ctmsgas.com/blog/buyer-s-guide-for-choosing-a-china-industrial-rfid-led-2026-rsl8,/blog/buyer-s-guide-for-choosing-a-china-industrial-rfid-led-2026-rsl8,blog_article,2026-06-30,sitemap_discovered_only,Title/URL only; body not reviewed
https://ctmsgas.com/blog/government-approves-additional-20-commercial-lpg-allo-2026-maok,/blog/government-approves-additional-20-commercial-lpg-allo-2026-maok,blog_article,2026-06-30,sitemap_discovered_only,Title/URL only; body not reviewed
https://ctmsgas.com/blog/cylinder-tracking-software-common-mistakes-2026-06s5,/blog/cylinder-tracking-software-common-mistakes-2026-06s5,blog_article,2026-06-30,sitemap_discovered_only,Title/URL only; body not reviewed
https://ctmsgas.com/blog/cylinder-rental-management-common-mistakes-2026-zyve,/blog/cylinder-rental-management-common-mistakes-2026-zyve,blog_article,2026-06-30,sitemap_discovered_only,Title/URL only; body not reviewed
https://ctmsgas.com/blog/industrial-gas-plant-best-practices-2026-817r,/blog/industrial-gas-plant-best-practices-2026-817r,blog_article,2026-06-30,sitemap_discovered_only,Title/URL only; body not reviewed
https://ctmsgas.com/blog/peso-compliance-india-complete-guide-2026-4u38,/blog/peso-compliance-india-complete-guide-2026-4u38,blog_article,2026-06-30,sitemap_discovered_only,Title/URL only; body not reviewed
https://ctmsgas.com/blog/qr-code-cylinder-tracking-best-practices-2026-byr2,/blog/qr-code-cylinder-tracking-best-practices-2026-byr2,blog_article,2026-06-30,sitemap_discovered_only,Title/URL only; body not reviewed
https://ctmsgas.com/blog/industrial-gas-market-complete-guide-2026-wlmu,/blog/industrial-gas-market-complete-guide-2026-wlmu,blog_article,2026-06-30,sitemap_discovered_only,Title/URL only; body not reviewed
https://ctmsgas.com/blog/haryana-shifting-from-lpg-to-png-supply-of-fuel-stabl-2026-mhx6,/blog/haryana-shifting-from-lpg-to-png-supply-of-fuel-stabl-2026-mhx6,blog_article,2026-06-30,sitemap_discovered_only,Title/URL only; body not reviewed
https://ctmsgas.com/blog/industrial-gas-plant-2026-trends-2026-ewrx,/blog/industrial-gas-plant-2026-trends-2026-ewrx,blog_article,2026-06-30,sitemap_discovered_only,Title/URL only; body not reviewed
https://ctmsgas.com/blog/peso-compliance-india-common-mistakes-2026-ykdr,/blog/peso-compliance-india-common-mistakes-2026-ykdr,blog_article,2026-06-30,sitemap_discovered_only,Title/URL only; body not reviewed
https://ctmsgas.com/blog/qr-code-cylinder-tracking-2026-trends-2026-n96p,/blog/qr-code-cylinder-tracking-2026-trends-2026-n96p,blog_article,2026-06-30,sitemap_discovered_only,Title/URL only; body not reviewed
https://ctmsgas.com/blog/industrial-gas-market-common-mistakes-2026-asko,/blog/industrial-gas-market-common-mistakes-2026-asko,blog_article,2026-06-30,sitemap_discovered_only,Title/URL only; body not reviewed
https://ctmsgas.com/blog/cylinder-tracking-software-cost-optimization-2026-xz5p,/blog/cylinder-tracking-software-cost-optimization-2026-xz5p,blog_article,2026-06-30,sitemap_discovered_only,Title/URL only; body not reviewed
https://ctmsgas.com/blog/gas-cylinder-booking-rules-in-june-2026-5-big-changes-2026-ddck,/blog/gas-cylinder-booking-rules-in-june-2026-5-big-changes-2026-ddck,blog_article,2026-06-30,sitemap_discovered_only,Title/URL only; body not reviewed
https://ctmsgas.com/blog/peso-compliance-india-cost-optimization-2026-myvi,/blog/peso-compliance-india-cost-optimization-2026-myvi,blog_article,2026-06-30,sitemap_discovered_only,Title/URL only; body not reviewed
https://ctmsgas.com/blog/qr-code-cylinder-tracking-complete-guide-2026-kywb,/blog/qr-code-cylinder-tracking-complete-guide-2026-kywb,blog_article,2026-06-30,sitemap_discovered_only,Title/URL only; body not reviewed
https://ctmsgas.com/blog/industrial-gas-market-cost-optimization-2026-29pc,/blog/industrial-gas-market-cost-optimization-2026-29pc,blog_article,2026-06-30,sitemap_discovered_only,Title/URL only; body not reviewed
https://ctmsgas.com/blog/cylinder-tracking-software-safety-checklist-2026-8mdv,/blog/cylinder-tracking-software-safety-checklist-2026-8mdv,blog_article,2026-06-30,sitemap_discovered_only,Title/URL only; body not reviewed
https://ctmsgas.com/blog/cylinder-rental-management-cost-optimization-2026-lqus,/blog/cylinder-rental-management-cost-optimization-2026-lqus,blog_article,2026-06-30,sitemap_discovered_only,Title/URL only; body not reviewed
https://ctmsgas.com/blog/posco-air-solution-commissions-high-purity-rare-gas-pl-2026-op3j,/blog/posco-air-solution-commissions-high-purity-rare-gas-pl-2026-op3j,blog_article,2026-06-30,sitemap_discovered_only,Title/URL only; body not reviewed
https://ctmsgas.com/blog/peso-compliance-india-safety-checklist-2026-g8wz,/blog/peso-compliance-india-safety-checklist-2026-g8wz,blog_article,2026-06-30,sitemap_discovered_only,Title/URL only; body not reviewed
https://ctmsgas.com/blog/qr-code-cylinder-tracking-common-mistakes-2026-xvmz,/blog/qr-code-cylinder-tracking-common-mistakes-2026-xvmz,blog_article,2026-06-30,sitemap_discovered_only,Title/URL only; body not reviewed
https://ctmsgas.com/blog/industrial-gas-market-safety-checklist-2026-ez2i,/blog/industrial-gas-market-safety-checklist-2026-ez2i,blog_article,2026-06-30,sitemap_discovered_only,Title/URL only; body not reviewed
https://ctmsgas.com/blog/shri-hardeep-singh-puri-inaugurates-indraprastha-gas-l-2026-z1ae,/blog/shri-hardeep-singh-puri-inaugurates-indraprastha-gas-l-2026-z1ae,blog_article,2026-06-30,sitemap_discovered_only,Title/URL only; body not reviewed
https://ctmsgas.com/blog/cylinder-rental-management-safety-checklist-2026-jg7s,/blog/cylinder-rental-management-safety-checklist-2026-jg7s,blog_article,2026-06-30,sitemap_discovered_only,Title/URL only; body not reviewed
https://ctmsgas.com/blog/peso-compliance-india-buyers-guide-2026-0mzo,/blog/peso-compliance-india-buyers-guide-2026-0mzo,blog_article,2026-06-30,sitemap_discovered_only,Title/URL only; body not reviewed
https://ctmsgas.com/blog/qr-code-cylinder-tracking-cost-optimization-2026-tcp4,/blog/qr-code-cylinder-tracking-cost-optimization-2026-tcp4,blog_article,2026-06-30,sitemap_discovered_only,Title/URL only; body not reviewed
https://ctmsgas.com/blog/industrial-gas-market-buyers-guide-2026-fk6n,/blog/industrial-gas-market-buyers-guide-2026-fk6n,blog_article,2026-06-30,sitemap_discovered_only,Title/URL only; body not reviewed
https://ctmsgas.com/blog/cylinder-rental-management-buyers-guide-2026-kqdf,/blog/cylinder-rental-management-buyers-guide-2026-kqdf,blog_article,2026-07-01,sitemap_discovered_only,Title/URL only; body not reviewed
https://ctmsgas.com/blog/industrial-gas-plant-complete-guide-2026-qw8a,/blog/industrial-gas-plant-complete-guide-2026-qw8a,blog_article,2026-07-01,sitemap_discovered_only,Title/URL only; body not reviewed
https://ctmsgas.com/blog/peso-compliance-india-case-study-2026-qamm,/blog/peso-compliance-india-case-study-2026-qamm,blog_article,2026-07-01,sitemap_discovered_only,Title/URL only; body not reviewed
https://ctmsgas.com/blog/qr-code-cylinder-tracking-safety-checklist-2026-7trq,/blog/qr-code-cylinder-tracking-safety-checklist-2026-7trq,blog_article,2026-07-01,sitemap_discovered_only,Title/URL only; body not reviewed
https://ctmsgas.com/blog/india-cuts-price-of-lpg-cylinder-for-industrial-client-2026-nqex,/blog/india-cuts-price-of-lpg-cylinder-for-industrial-client-2026-nqex,blog_article,2026-07-01,sitemap_discovered_only,Title/URL only; body not reviewed
https://ctmsgas.com/blog/cylinder-tracking-software-buyers-guide-2026-p2ti,/blog/cylinder-tracking-software-buyers-guide-2026-p2ti,blog_article,2026-07-01,sitemap_discovered_only,Title/URL only; body not reviewed
https://ctmsgas.com/blog/bombay-high-court-upholds-award-rejecting-lpg-distribu-2026-fup4,/blog/bombay-high-court-upholds-award-rejecting-lpg-distribu-2026-fup4,blog_article,2026-07-01,sitemap_discovered_only,Title/URL only; body not reviewed
https://ctmsgas.com/blog/qr-code-cylinder-tracking-buyers-guide-2026-63zj,/blog/qr-code-cylinder-tracking-buyers-guide-2026-63zj,blog_article,2026-07-01,sitemap_discovered_only,Title/URL only; body not reviewed
https://ctmsgas.com/blog/price-of-commercial-lpg-5-kg-ftl-and-domestic-atf-red-2026-yuhh,/blog/price-of-commercial-lpg-5-kg-ftl-and-domestic-atf-red-2026-yuhh,blog_article,2026-07-01,sitemap_discovered_only,Title/URL only; body not reviewed
https://ctmsgas.com/blog/cylinder-tracking-software-case-study-2026-18yt,/blog/cylinder-tracking-software-case-study-2026-18yt,blog_article,2026-07-01,sitemap_discovered_only,Title/URL only; body not reviewed
https://ctmsgas.com/blog/cylinder-rental-management-case-study-2026-we4u,/blog/cylinder-rental-management-case-study-2026-we4u,blog_article,2026-07-01,sitemap_discovered_only,Title/URL only; body not reviewed
https://ctmsgas.com/blog/air-liquide-to-build-gas-plants-for-sk-hynix-s-us-chip-2026-ru85,/blog/air-liquide-to-build-gas-plants-for-sk-hynix-s-us-chip-2026-ru85,blog_article,2026-07-01,sitemap_discovered_only,Title/URL only; body not reviewed
https://ctmsgas.com/blog/qr-code-cylinder-tracking-case-study-2026-ljtu,/blog/qr-code-cylinder-tracking-case-study-2026-ljtu,blog_article,2026-07-01,sitemap_discovered_only,Title/URL only; body not reviewed
https://ctmsgas.com/blog/industrial-gas-market-case-study-2026-6mx5,/blog/industrial-gas-market-case-study-2026-6mx5,blog_article,2026-07-01,sitemap_discovered_only,Title/URL only; body not reviewed
https://ctmsgas.com/faq,/faq,site_page,,rendered_page_read,All 11 FAQ categories and 55 questions read
https://ctmsgas.com/blog/air-liquide-to-upgrade-and-electrify-shaanxi-oxygen-pl-2026-5hef,/blog/air-liquide-to-upgrade-and-electrify-shaanxi-oxygen-pl-2026-5hef,blog_article,2026-07-01,sitemap_discovered_only,Title/URL only; body not reviewed
https://ctmsgas.com/blog/industrial-gas-plant-common-mistakes-2026-73mu,/blog/industrial-gas-plant-common-mistakes-2026-73mu,blog_article,2026-07-01,sitemap_discovered_only,Title/URL only; body not reviewed
https://ctmsgas.com/blog/industrial-gas-plant-cost-optimization-2026-djm8,/blog/industrial-gas-plant-cost-optimization-2026-djm8,blog_article,2026-07-02,sitemap_discovered_only,Title/URL only; body not reviewed
https://ctmsgas.com/blog/messer-targets-southeast-asia-growth-with-trio-of-gas-2026-5o3t,/blog/messer-targets-southeast-asia-growth-with-trio-of-gas-2026-5o3t,blog_article,2026-07-02,sitemap_discovered_only,Title/URL only; body not reviewed
https://ctmsgas.com/blog/industrial-gas-plant-safety-checklist-2026-zaf1,/blog/industrial-gas-plant-safety-checklist-2026-zaf1,blog_article,2026-07-02,sitemap_discovered_only,Title/URL only; body not reviewed
https://ctmsgas.com/blog/haryana-receives-about-2-lakh-cylinders-daily-saini-2026-al1d,/blog/haryana-receives-about-2-lakh-cylinders-daily-saini-2026-al1d,blog_article,2026-07-02,sitemap_discovered_only,Title/URL only; body not reviewed
https://ctmsgas.com/blog/industrial-gas-plant-buyers-guide-2026-oagh,/blog/industrial-gas-plant-buyers-guide-2026-oagh,blog_article,2026-07-02,sitemap_discovered_only,Title/URL only; body not reviewed
https://ctmsgas.com/blog/how-to-check-hp-gas-subsidy-status-online-2026-6mj7,/blog/how-to-check-hp-gas-subsidy-status-online-2026-6mj7,blog_article,2026-07-02,sitemap_discovered_only,Title/URL only; body not reviewed
https://ctmsgas.com/blog/industrial-gas-plant-case-study-2026-hzgk,/blog/industrial-gas-plant-case-study-2026-hzgk,blog_article,2026-07-02,sitemap_discovered_only,Title/URL only; body not reviewed
https://ctmsgas.com/blog/dear-industrial-gas-ai-driven-industrial-gas-and-soft-2026-xus9,/blog/dear-industrial-gas-ai-driven-industrial-gas-and-soft-2026-xus9,blog_article,2026-07-02,sitemap_discovered_only,Title/URL only; body not reviewed
https://ctmsgas.com/blog/the-mygas-portal-2026-zixt,/blog/the-mygas-portal-2026-zixt,blog_article,2026-07-03,sitemap_discovered_only,Title/URL only; body not reviewed
https://ctmsgas.com/blog/public-private-partnerships-for-reliable-oxygen-supply-2026-6jsl,/blog/public-private-partnerships-for-reliable-oxygen-supply-2026-6jsl,blog_article,2026-07-03,sitemap_discovered_only,Title/URL only; body not reviewed
https://ctmsgas.com/blog/ai-to-revolutionise-industrial-internet-in-oil-and-gas-2026-2240,/blog/ai-to-revolutionise-industrial-internet-in-oil-and-gas-2026-2240,blog_article,2026-07-03,sitemap_discovered_only,Title/URL only; body not reviewed
https://ctmsgas.com/blog/lpg-cylinders-to-have-radio-tags-2026-85pn,/blog/lpg-cylinders-to-have-radio-tags-2026-85pn,blog_article,2026-07-04,sitemap_discovered_only,Title/URL only; body not reviewed
https://ctmsgas.com/blog/deadly-fumes-on-the-ammonia-gas-leak-tragedy-in-tamil-2026-gvuq,/blog/deadly-fumes-on-the-ammonia-gas-leak-tragedy-in-tamil-2026-gvuq,blog_article,2026-07-04,sitemap_discovered_only,Title/URL only; body not reviewed
https://ctmsgas.com/blog/taiyo-nippon-sanso-highlights-global-industrial-gas-st-2026-yfre,/blog/taiyo-nippon-sanso-highlights-global-industrial-gas-st-2026-yfre,blog_article,2026-07-04,sitemap_discovered_only,Title/URL only; body not reviewed
https://ctmsgas.com/blog/gas-cylinder-booking-rules-to-change-from-may-1-know-2026-p0c3,/blog/gas-cylinder-booking-rules-to-change-from-may-1-know-2026-p0c3,blog_article,2026-07-05,sitemap_discovered_only,Title/URL only; body not reviewed
https://ctmsgas.com/blog/linde-plc-highlights-its-global-gas-business-as-invest-2026-m21t,/blog/linde-plc-highlights-its-global-gas-business-as-invest-2026-m21t,blog_article,2026-07-05,sitemap_discovered_only,Title/URL only; body not reviewed
https://ctmsgas.com/blog/turkey-industrial-waste-gas-treatment-system-2026-e288,/blog/turkey-industrial-waste-gas-treatment-system-2026-e288,blog_article,2026-07-05,sitemap_discovered_only,Title/URL only; body not reviewed
https://ctmsgas.com/blog/india-orders-mandatory-transition-from-lpg-to-png-amid-2026-9fxd,/blog/india-orders-mandatory-transition-from-lpg-to-png-amid-2026-9fxd,blog_article,2026-07-06,sitemap_discovered_only,Title/URL only; body not reviewed
https://ctmsgas.com/blog/why-pin-keypads-are-replacing-ibutton-and-rfid-systems-2026-gzwk,/blog/why-pin-keypads-are-replacing-ibutton-and-rfid-systems-2026-gzwk,blog_article,2026-07-06,sitemap_discovered_only,Title/URL only; body not reviewed
https://ctmsgas.com/blog/gas-cylinder-saudi-arabia-7-powerful-innovations-for-e-2026-e4ew,/blog/gas-cylinder-saudi-arabia-7-powerful-innovations-for-e-2026-e4ew,blog_article,2026-07-06,sitemap_discovered_only,Title/URL only; body not reviewed
https://ctmsgas.com/blog/centre-asks-states-to-allocate-more-lpg-to-key-industr-2026-759p,/blog/centre-asks-states-to-allocate-more-lpg-to-key-industr-2026-759p,blog_article,2026-07-06,sitemap_discovered_only,Title/URL only; body not reviewed
https://ctmsgas.com/blog/psa-oxygen-generator-market-growth-driven-by-7-55-cag-2026-ie2q,/blog/psa-oxygen-generator-market-growth-driven-by-7-55-cag-2026-ie2q,blog_article,2026-07-07,sitemap_discovered_only,Title/URL only; body not reviewed
https://ctmsgas.com/blog/gas-cylinder-for-rs-10-000-are-you-joking-2026-y2zy,/blog/gas-cylinder-for-rs-10-000-are-you-joking-2026-y2zy,blog_article,2026-07-07,sitemap_discovered_only,Title/URL only; body not reviewed
https://ctmsgas.com/blog/industrial-gas-market-2026-u02v,/blog/industrial-gas-market-2026-u02v,blog_article,2026-07-07,sitemap_discovered_only,Title/URL only; body not reviewed
https://ctmsgas.com/blog/linde-plc-focuses-on-industrial-gases-and-global-growth-2026-9o6p,/blog/linde-plc-focuses-on-industrial-gases-and-global-growth-2026-9o6p,blog_article,2026-07-07,sitemap_discovered_only,Title/URL only; body not reviewed
https://ctmsgas.com/blog/indane-lpg-booking-disrupted-nationwide-as-calls-spike-2026-x9bo,/blog/indane-lpg-booking-disrupted-nationwide-as-calls-spike-2026-x9bo,blog_article,2026-07-08,sitemap_discovered_only,Title/URL only; body not reviewed
https://ctmsgas.com/blog/interior-advances-revisions-to-oil-and-gas-leasing-and-2026-s9he,/blog/interior-advances-revisions-to-oil-and-gas-leasing-and-2026-s9he,blog_article,2026-07-08,sitemap_discovered_only,Title/URL only; body not reviewed
https://ctmsgas.com/blog/air-separation-plant-operational-at-no-2-steel-mill-in-2026-k066,/blog/air-separation-plant-operational-at-no-2-steel-mill-in-2026-k066,blog_article,2026-07-08,sitemap_discovered_only,Title/URL only; body not reviewed
https://ctmsgas.com/blog/lpg-cylinder-price-on-april-11-how-much-does-domestic-2026-hxus,/blog/lpg-cylinder-price-on-april-11-how-much-does-domestic-2026-hxus,blog_article,2026-07-08,sitemap_discovered_only,Title/URL only; body not reviewed
https://ctmsgas.com/blog/mobile-scba-management-system-developed-by-bauer-2026-u8rh,/blog/mobile-scba-management-system-developed-by-bauer-2026-u8rh,blog_article,2026-07-09,sitemap_discovered_only,Title/URL only; body not reviewed
https://ctmsgas.com/blog/linde-strengthens-its-position-in-industrial-gases-op-2026-lh8m,/blog/linde-strengthens-its-position-in-industrial-gases-op-2026-lh8m,blog_article,2026-07-09,sitemap_discovered_only,Title/URL only; body not reviewed
https://ctmsgas.com/blog/onfolio-eyes-industrial-gas-market-with-paramount-heli-2026-dq2h,/blog/onfolio-eyes-industrial-gas-market-with-paramount-heli-2026-dq2h,blog_article,2026-07-09,sitemap_discovered_only,Title/URL only; body not reviewed
https://ctmsgas.com/blog/messer-southeast-asia-coo-on-low-carbon-hydrogen-and-d-2026-qfbj,/blog/messer-southeast-asia-coo-on-low-carbon-hydrogen-and-d-2026-qfbj,blog_article,2026-07-10,sitemap_discovered_only,Title/URL only; body not reviewed
https://ctmsgas.com/blog/freeport-lng-shutdown-reshapes-gas-market-dynamics-2026-m0p6,/blog/freeport-lng-shutdown-reshapes-gas-market-dynamics-2026-m0p6,blog_article,2026-07-10,sitemap_discovered_only,Title/URL only; body not reviewed
https://ctmsgas.com/blog/liquefied-petroleum-gas-market-to-reach-usd-405-2-bill-2026-lw3i,/blog/liquefied-petroleum-gas-market-to-reach-usd-405-2-bill-2026-lw3i,blog_article,2026-07-10,sitemap_discovered_only,Title/URL only; body not reviewed
https://ctmsgas.com/blog/tragic-loss-12-indians-among-13-killed-in-qatar-gas-2026-ezgj,/blog/tragic-loss-12-indians-among-13-killed-in-qatar-gas-2026-ezgj,blog_article,2026-07-11,sitemap_discovered_only,Title/URL only; body not reviewed
https://ctmsgas.com/blog/patna-administration-cracks-down-on-lpg-hoarding-and-b-2026-yil4,/blog/patna-administration-cracks-down-on-lpg-hoarding-and-b-2026-yil4,blog_article,2026-07-11,sitemap_discovered_only,Title/URL only; body not reviewed
https://ctmsgas.com/blog/united-states-r7-uhf-rfid-sled-reader-2026-thb4,/blog/united-states-r7-uhf-rfid-sled-reader-2026-thb4,blog_article,2026-07-11,sitemap_discovered_only,Title/URL only; body not reviewed
https://ctmsgas.com/blog/death-toll-in-tamil-nadu-gas-leak-accident-raises-to-n-2026-h1cw,/blog/death-toll-in-tamil-nadu-gas-leak-accident-raises-to-n-2026-h1cw,blog_article,2026-07-12,sitemap_discovered_only,Title/URL only; body not reviewed
https://ctmsgas.com/blog/air-liquide-stock-reflects-steady-industrial-gases-dem-2026-jzod,/blog/air-liquide-stock-reflects-steady-industrial-gases-dem-2026-jzod,blog_article,2026-07-12,sitemap_discovered_only,Title/URL only; body not reviewed
https://ctmsgas.com/blog/will-fuel-lpg-prices-rise-again-experts-flag-risks-a-2026-l0xc,/blog/will-fuel-lpg-prices-rise-again-experts-flag-risks-a-2026-l0xc,blog_article,2026-07-13,sitemap_discovered_only,Title/URL only; body not reviewed
https://ctmsgas.com/blog/fixed-commercial-gas-detection-market-global-market-a-2026-ke0p,/blog/fixed-commercial-gas-detection-market-global-market-a-2026-ke0p,blog_article,2026-07-13,sitemap_discovered_only,Title/URL only; body not reviewed
https://ctmsgas.com/blog/world-oxygen-membrane-modules-2026-cgsg,/blog/world-oxygen-membrane-modules-2026-cgsg,blog_article,2026-07-14,sitemap_discovered_only,Title/URL only; body not reviewed
https://ctmsgas.com/blog/waiting-for-an-lpg-refill-5-quick-steps-to-check-book-2026-0wng,/blog/waiting-for-an-lpg-refill-5-quick-steps-to-check-book-2026-0wng,blog_article,2026-07-14,sitemap_discovered_only,Title/URL only; body not reviewed
https://ctmsgas.com/blog/amid-rising-lpg-costs-industry-seeks-india-s-first-lp-2026-kwxs,/blog/amid-rising-lpg-costs-industry-seeks-india-s-first-lp-2026-kwxs,blog_article,2026-07-14,sitemap_discovered_only,Title/URL only; body not reviewed
https://ctmsgas.com/blog/swiggy-hpcl-launch-on-demand-doorstep-lpg-gas-cylinde-2026-nobq,/blog/swiggy-hpcl-launch-on-demand-doorstep-lpg-gas-cylinde-2026-nobq,blog_article,2026-07-15,sitemap_discovered_only,Title/URL only; body not reviewed
https://ctmsgas.com/blog/industrial-gases-market-size-share-trends-report-20-2026-73uq,/blog/industrial-gases-market-size-share-trends-report-20-2026-73uq,blog_article,2026-07-15,sitemap_discovered_only,Title/URL only; body not reviewed
https://ctmsgas.com/blog/hpcl-launches-indias-first-quick-commerce-lpg-deliver-2026-b2vx,/blog/hpcl-launches-indias-first-quick-commerce-lpg-deliver-2026-b2vx,blog_article,2026-07-16,sitemap_discovered_only,Title/URL only; body not reviewed
https://ctmsgas.com/blog/air-liquide-invests-160m-in-arizona-semiconductor-gas-2026-fptb,/blog/air-liquide-invests-160m-in-arizona-semiconductor-gas-2026-fptb,blog_article,2026-07-16,sitemap_discovered_only,Title/URL only; body not reviewed
https://ctmsgas.com/blog/ludhiana-2-out-of-3-oxygen-plants-at-civil-hospital-de-2026-4mw8,/blog/ludhiana-2-out-of-3-oxygen-plants-at-civil-hospital-de-2026-4mw8,blog_article,2026-07-17,sitemap_discovered_only,Title/URL only; body not reviewed
https://ctmsgas.com/blog/government-orders-oil-refineries-to-boost-lpg-producti-2026-rdq5,/blog/government-orders-oil-refineries-to-boost-lpg-producti-2026-rdq5,blog_article,2026-07-18,sitemap_discovered_only,Title/URL only; body not reviewed
https://ctmsgas.com/blog/liquid-oxygen-plant-operational-at-sushil-koirala-canc-2026-ys1j,/blog/liquid-oxygen-plant-operational-at-sushil-koirala-canc-2026-ys1j,blog_article,2026-07-18,sitemap_discovered_only,Title/URL only; body not reviewed
https://ctmsgas.com/blog/impact-of-rotating-cylinders-configurations-on-cu-wate-2026-ez32,/blog/impact-of-rotating-cylinders-configurations-on-cu-wate-2026-ez32,blog_article,2026-07-19,sitemap_discovered_only,Title/URL only; body not reviewed
https://ctmsgas.com/blog/rajasthan-cylinders-and-containers-reappoints-avinash-2026-byvc,/blog/rajasthan-cylinders-and-containers-reappoints-avinash-2026-byvc,blog_article,2026-07-20,sitemap_discovered_only,Title/URL only; body not reviewed
https://ctmsgas.com/blog/php-usd-philippine-peso-declines-to-match-record-low-o-2026-8jwe,/blog/php-usd-philippine-peso-declines-to-match-record-low-o-2026-8jwe,blog_article,2026-07-22,sitemap_discovered_only,Title/URL only; body not reviewed
https://ctmsgas.com/blog/everest-kanto-cylinder-limited-announces-senior-manage-2026-bw2q,/blog/everest-kanto-cylinder-limited-announces-senior-manage-2026-bw2q,blog_article,2026-07-22,sitemap_discovered_only,Title/URL only; body not reviewed
https://ctmsgas.com/blog/brazil-diawms-warehouse-management-system-2026-xebu,/blog/brazil-diawms-warehouse-management-system-2026-xebu,blog_article,2026-07-23,sitemap_discovered_only,Title/URL only; body not reviewed
https://ctmsgas.com/blog/inside-tva-s-cumberland-natural-gas-plant-as-construct-2026-hqd0,/blog/inside-tva-s-cumberland-natural-gas-plant-as-construct-2026-hqd0,blog_article,2026-07-23,sitemap_discovered_only,Title/URL only; body not reviewed
https://ctmsgas.com/blog/air-liquide-invests-150m-in-idaho-semiconductor-gas-p-2026-pnkj,/blog/air-liquide-invests-150m-in-idaho-semiconductor-gas-p-2026-pnkj,blog_article,2026-07-23,sitemap_discovered_only,Title/URL only; body not reviewed
https://ctmsgas.com/blog/brazil-gas-separation-membrane-market-size-share-tren-2026-td1y,/blog/brazil-gas-separation-membrane-market-size-share-tren-2026-td1y,blog_article,2026-07-24,sitemap_discovered_only,Title/URL only; body not reviewed
https://ctmsgas.com/blog/inside-tiruvallur-s-ammonia-gas-leak-nightmare-2026-ze6c,/blog/inside-tiruvallur-s-ammonia-gas-leak-nightmare-2026-ze6c,blog_article,2026-07-24,sitemap_discovered_only,Title/URL only; body not reviewed
https://ctmsgas.com/blog/the-tamil-nadu-ammonia-gas-tragedy-is-not-merely-an-in-2026-z896,/blog/the-tamil-nadu-ammonia-gas-tragedy-is-not-merely-an-in-2026-z896,blog_article,2026-07-25,sitemap_discovered_only,Title/URL only; body not reviewed
https://ctmsgas.com/blog/how-is-rfid-being-used-in-oil-and-gas-2026-6b3h,/blog/how-is-rfid-being-used-in-oil-and-gas-2026-6b3h,blog_article,2026-07-25,sitemap_discovered_only,Title/URL only; body not reviewed
https://ctmsgas.com/blog/medical-gas-and-equipment-market-forecast-to-2031-2026-018p,/blog/medical-gas-and-equipment-market-forecast-to-2031-2026-018p,blog_article,2026-07-25,sitemap_discovered_only,Title/URL only; body not reviewed
https://ctmsgas.com/blog/the-honda-v6-so-dependable-it-lasted-30-years-2026-fhjq,/blog/the-honda-v6-so-dependable-it-lasted-30-years-2026-fhjq,blog_article,2026-07-25,sitemap_discovered_only,Title/URL only; body not reviewed
https://ctmsgas.com/blog/analysis-the-industrial-gas-openings-from-us-saudi-nuc-2026-2mqj,/blog/analysis-the-industrial-gas-openings-from-us-saudi-nuc-2026-2mqj,blog_article,2026-07-27,sitemap_discovered_only,Title/URL only; body not reviewed
https://ctmsgas.com/blog/nippon-sanso-matheson-to-build-5-4m-industrial-gas-si-2026-3els,/blog/nippon-sanso-matheson-to-build-5-4m-industrial-gas-si-2026-3els,blog_article,2026-07-27,sitemap_discovered_only,Title/URL only; body not reviewed
https://ctmsgas.com/blog/lpg-clerk-loses-rs-3-lakh-via-fake-cylinder-booking-app-2026-h0t6,/blog/lpg-clerk-loses-rs-3-lakh-via-fake-cylinder-booking-app-2026-h0t6,blog_article,2026-07-27,sitemap_discovered_only,Title/URL only; body not reviewed
https://ctmsgas.com/blog/high-purity-specialty-gases-market-size-share-amp-f-2026-vs1h,/blog/high-purity-specialty-gases-market-size-share-amp-f-2026-vs1h,blog_article,2026-07-28,sitemap_discovered_only,Title/URL only; body not reviewed
https://ctmsgas.com/blog/lpg-price-hike-unfounded-2026-f574,/blog/lpg-price-hike-unfounded-2026-f574,blog_article,2026-07-28,sitemap_discovered_only,Title/URL only; body not reviewed
https://ctmsgas.com/blog/gas-mixtures-market-size-to-hit-usd-44-89-billion-by-2-2026-rd6j,/blog/gas-mixtures-market-size-to-hit-usd-44-89-billion-by-2-2026-rd6j,blog_article,2026-07-30,sitemap_discovered_only,Title/URL only; body not reviewed
https://ctmsgas.com/blog/oxygen-generator-market-size-industry-share-2026-fo0v,/blog/oxygen-generator-market-size-industry-share-2026-fo0v,blog_article,2026-07-30,sitemap_discovered_only,Title/URL only; body not reviewed
https://ctmsgas.com/blog/gas-cylinder-booking-rules-no-otp-no-lpg-cylinder-ho-2026-1u90,/blog/gas-cylinder-booking-rules-no-otp-no-lpg-cylinder-ho-2026-1u90,blog_article,2026-07-31,sitemap_discovered_only,Title/URL only; body not reviewed
https://ctmsgas.com/blog/indian-oil-to-hire-dedicated-vessel-to-ferry-lpg-cylin-2026-4xr0,/blog/indian-oil-to-hire-dedicated-vessel-to-ferry-lpg-cylin-2026-4xr0,blog_article,2026-08-01,sitemap_discovered_only,Title/URL only; body not reviewed
https://ctmsgas.com/blog/how-2025-phmsa-changes-will-impact-propane-distributors-2026-dfug,/blog/how-2025-phmsa-changes-will-impact-propane-distributors-2026-dfug,blog_article,2026-08-02,sitemap_discovered_only,Title/URL only; body not reviewed
https://ctmsgas.com/blog/lpg-cylinder-crisis-indianoil-one-becomes-india-s-most-2026-mlx8,/blog/lpg-cylinder-crisis-indianoil-one-becomes-india-s-most-2026-mlx8,blog_article,2026-08-03,sitemap_discovered_only,Title/URL only; body not reviewed
https://ctmsgas.com/blog/bio-based-on-site-industrial-gas-generation-market-siz-2026-8ra3,/blog/bio-based-on-site-industrial-gas-generation-market-siz-2026-8ra3,blog_article,2026-08-03,sitemap_discovered_only,Title/URL only; body not reviewed
https://ctmsgas.com/blog/chinese-firm-launches-10m-gas-production-facility-in-2026-nn5s,/blog/chinese-firm-launches-10m-gas-production-facility-in-2026-nn5s,blog_article,2026-08-03,sitemap_discovered_only,Title/URL only; body not reviewed
https://ctmsgas.com/blog/commercial-lpg-price-cut-by-about-200-atf-price-hike-2026-t7vv,/blog/commercial-lpg-price-cut-by-about-200-atf-price-hike-2026-t7vv,blog_article,2026-08-03,sitemap_discovered_only,Title/URL only; body not reviewed
https://ctmsgas.com/blog/health-minister-orders-audit-to-curb-medical-oxygen-pr-2026-2b7k,/blog/health-minister-orders-audit-to-curb-medical-oxygen-pr-2026-2b7k,blog_article,2026-08-03,sitemap_discovered_only,Title/URL only; body not reviewed
https://ctmsgas.com/blog/minister-orders-audit-into-medical-oxygen-demand-and-e-2026-lpsz,/blog/minister-orders-audit-into-medical-oxygen-demand-and-e-2026-lpsz,blog_article,2026-08-04,sitemap_discovered_only,Title/URL only; body not reviewed
https://ctmsgas.com/blog/gas-shortage-plagues-capital-amidst-official-claims-of-2026-cxcl,/blog/gas-shortage-plagues-capital-amidst-official-claims-of-2026-cxcl,blog_article,2026-08-04,sitemap_discovered_only,Title/URL only; body not reviewed
https://ctmsgas.com/blog/kampong-speu-attracts-10-million-gas-plant-investment-2026-hbvp,/blog/kampong-speu-attracts-10-million-gas-plant-investment-2026-hbvp,blog_article,2026-08-04,sitemap_discovered_only,Title/URL only; body not reviewed
https://ctmsgas.com/blog/parliamentary-committee-suggests-gas-cylinder-tracking-2026-rb89,/blog/parliamentary-committee-suggests-gas-cylinder-tracking-2026-rb89,blog_article,2026-08-04,sitemap_discovered_only,Title/URL only; body not reviewed
https://ctmsgas.com/blog/hellobpcl-your-one-stop-app-for-lpg-booking-fuel-paym-2026-g68a,/blog/hellobpcl-your-one-stop-app-for-lpg-booking-fuel-paym-2026-g68a,blog_article,2026-08-05,sitemap_discovered_only,Title/URL only; body not reviewed
https://ctmsgas.com/blog/cylinder-qr-code-tracking-playbook-2026,/blog/cylinder-qr-code-tracking-playbook-2026,blog_article,2026-08-04,sitemap_discovered_only,Title/URL only; body not reviewed
https://ctmsgas.com/blog/uhf-rfid-cylinder-tracking-setup-guide-2026,/blog/uhf-rfid-cylinder-tracking-setup-guide-2026,blog_article,2026-08-03,sitemap_discovered_only,Title/URL only; body not reviewed
https://ctmsgas.com/blog/qr-vs-rfid-cylinder-tracking-cost-comparison-2026,/blog/qr-vs-rfid-cylinder-tracking-cost-comparison-2026,blog_article,2026-08-02,sitemap_discovered_only,Title/URL only; body not reviewed
https://ctmsgas.com/blog/kelington-to-invest-rm120m-to-build-industrial-gas-pla-2026-i72m,/blog/kelington-to-invest-rm120m-to-build-industrial-gas-pla-2026-i72m,blog_article,2026-08-05,sitemap_discovered_only,Title/URL only; body not reviewed
https://ctmsgas.com/blog/hyderabad-lpg-bookings-delayed-amid-iran-israel-war-2026-ta5h,/blog/hyderabad-lpg-bookings-delayed-amid-iran-israel-war-2026-ta5h,blog_article,2026-08-06,sitemap_discovered_only,Title/URL only; body not reviewed
https://ctmsgas.com/blog/rest-of-asia-pacific-gas-mixtures-market-size-share-t-2026-slmf,/blog/rest-of-asia-pacific-gas-mixtures-market-size-share-t-2026-slmf,blog_article,2026-08-06,sitemap_discovered_only,Title/URL only; body not reviewed
https://ctmsgas.com/blog/kelington-invests-rm120m-in-first-industrial-gas-plant-2026-pj29,/blog/kelington-invests-rm120m-in-first-industrial-gas-plant-2026-pj29,blog_article,2026-08-06,sitemap_discovered_only,Title/URL only; body not reviewed
https://ctmsgas.com/blog/indianoil-launches-indane-xtralite-now-with-3-hour-lpg-2026-01us,/blog/indianoil-launches-indane-xtralite-now-with-3-hour-lpg-2026-01us,blog_article,2026-08-06,sitemap_discovered_only,Title/URL only; body not reviewed
https://ctmsgas.com/blog/green-hydrogen-for-the-future-of-industrial-gases-2026-tcla,/blog/green-hydrogen-for-the-future-of-industrial-gases-2026-tcla,blog_article,2026-08-07,sitemap_discovered_only,Title/URL only; body not reviewed
https://ctmsgas.com/blog/ellenbarrie-industrial-gases-q1-standalone-net-profit-2026-qnsr,/blog/ellenbarrie-industrial-gases-q1-standalone-net-profit-2026-qnsr,blog_article,2026-08-07,sitemap_discovered_only,Title/URL only; body not reviewed
https://ctmsgas.com/blog/minister-yadav-conducts-field-inspection-amid-lpg-shor-2026-oymj,/blog/minister-yadav-conducts-field-inspection-amid-lpg-shor-2026-oymj,blog_article,2026-08-08,sitemap_discovered_only,Title/URL only; body not reviewed
https://ctmsgas.com/blog/industrial-gases-market-size-share-amp-growth-repor-2026-w9l5,/blog/industrial-gases-market-size-share-amp-growth-repor-2026-w9l5,blog_article,2026-08-08,sitemap_discovered_only,Title/URL only; body not reviewed
https://ctmsgas.com/blog/health-minister-orders-audit-into-medical-oxygen-deman-2026-5lox,/blog/health-minister-orders-audit-into-medical-oxygen-deman-2026-5lox,blog_article,2026-08-09,sitemap_discovered_only,Title/URL only; body not reviewed
https://ctmsgas.com/blog/lpg-supply-choked-but-png-adoption-remains-low-in-mp-2026-d4d4,/blog/lpg-supply-choked-but-png-adoption-remains-low-in-mp-2026-d4d4,blog_article,2026-08-09,sitemap_discovered_only,Title/URL only; body not reviewed
https://ctmsgas.com/blog/kelington-to-build-its-1st-industrial-gas-plant-in-ind-2026-r1ps,/blog/kelington-to-build-its-1st-industrial-gas-plant-in-ind-2026-r1ps,blog_article,2026-08-10,sitemap_discovered_only,Title/URL only; body not reviewed
https://ctmsgas.com/blog/bmc-introduces-online-application-tracking-for-birth-2026-4qyo,/blog/bmc-introduces-online-application-tracking-for-birth-2026-4qyo,blog_article,2026-08-10,sitemap_discovered_only,Title/URL only; body not reviewed
https://ctmsgas.com/blog/what-s-really-behind-nepal-s-lpg-crisis-everything-yo-2026-x4zp,/blog/what-s-really-behind-nepal-s-lpg-crisis-everything-yo-2026-x4zp,blog_article,2026-08-11,sitemap_discovered_only,Title/URL only; body not reviewed
https://ctmsgas.com/blog/oil-psus-lpg-losses-on-below-market-sales-cross-rs-59-2026-s4ut,/blog/oil-psus-lpg-losses-on-below-market-sales-cross-rs-59-2026-s4ut,blog_article,2026-08-11,sitemap_discovered_only,Title/URL only; body not reviewed
https://ctmsgas.com/blog/advancing-gas-analysis-through-connectivity-and-automa-2026-91sk,/blog/advancing-gas-analysis-through-connectivity-and-automa-2026-91sk,blog_article,2026-08-12,sitemap_discovered_only,Title/URL only; body not reviewed
https://ctmsgas.com/blog/subsidised-lpg-connections-in-ne-plunged-by-a-whopping-2026-oldm,/blog/subsidised-lpg-connections-in-ne-plunged-by-a-whopping-2026-oldm,blog_article,2026-08-13,sitemap_discovered_only,Title/URL only; body not reviewed
https://ctmsgas.com/blog/xpress-gas-polygon-partner-to-expand-lpg-access-2026-talm,/blog/xpress-gas-polygon-partner-to-expand-lpg-access-2026-talm,blog_article,2026-08-15,sitemap_discovered_only,Title/URL only; body not reviewed
https://ctmsgas.com/blog/government-sets-lpg-production-targets-for-refiners-r-2026-3cav,/blog/government-sets-lpg-production-targets-for-refiners-r-2026-3cav,blog_article,2026-08-16,sitemap_discovered_only,Title/URL only; body not reviewed
https://ctmsgas.com/blog/gas-distribution-vehicle-seized-for-illegal-lpg-transf-2026-pu5p,/blog/gas-distribution-vehicle-seized-for-illegal-lpg-transf-2026-pu5p,blog_article,2026-08-16,sitemap_discovered_only,Title/URL only; body not reviewed
https://ctmsgas.com/blog/man-does-something-at-the-gas-station-thatll-make-you-2026-hk09,/blog/man-does-something-at-the-gas-station-thatll-make-you-2026-hk09,blog_article,2026-08-17,sitemap_discovered_only,Title/URL only; body not reviewed
https://ctmsgas.com/blog/switzerland-acetylene-2026-pcpg,/blog/switzerland-acetylene-2026-pcpg,blog_article,2026-08-20,sitemap_discovered_only,Title/URL only; body not reviewed
https://ctmsgas.com/blog/govt-relaxes-lpg-distribution-curbs-for-industrial-use-2026-vl5b,/blog/govt-relaxes-lpg-distribution-curbs-for-industrial-use-2026-vl5b,blog_article,2026-08-20,sitemap_discovered_only,Title/URL only; body not reviewed
https://ctmsgas.com/blog/messer-invests-40-million-to-expand-industrial-gas-ca-2026-avv8,/blog/messer-invests-40-million-to-expand-industrial-gas-ca-2026-avv8,blog_article,2026-08-21,sitemap_discovered_only,Title/URL only; body not reviewed
https://ctmsgas.com/blog/industrial-gas-regulator-market-size-amp-share-repor-2026-s8xt,/blog/industrial-gas-regulator-market-size-amp-share-repor-2026-s8xt,blog_article,2026-08-21,sitemap_discovered_only,Title/URL only; body not reviewed
https://ctmsgas.com/blog/auto-lpg-industry-seeks-5-year-age-extension-for-lpg-p-2026-h48i,/blog/auto-lpg-industry-seeks-5-year-age-extension-for-lpg-p-2026-h48i,blog_article,2026-08-21,sitemap_discovered_only,Title/URL only; body not reviewed
https://ctmsgas.com/blog/delay-in-lpg-cylinder-distribution-meeting-next-week-2026-6ky1,/blog/delay-in-lpg-cylinder-distribution-meeting-next-week-2026-6ky1,blog_article,2026-08-21,sitemap_discovered_only,Title/URL only; body not reviewed
https://ctmsgas.com/blog/auto-lpg-industry-seeks-five-year-age-extension-for-lp-2026-m340,/blog/auto-lpg-industry-seeks-five-year-age-extension-for-lp-2026-m340,blog_article,2026-08-21,sitemap_discovered_only,Title/URL only; body not reviewed
https://ctmsgas.com/blog/india-approves-1800-kms-of-lpg-pipeline-with-an-invest-2026-g70z,/blog/india-approves-1800-kms-of-lpg-pipeline-with-an-invest-2026-g70z,blog_article,2026-08-22,sitemap_discovered_only,Title/URL only; body not reviewed
https://ctmsgas.com/blog/best-cylinder-tracking-software-india-buyers-guide,/blog/best-cylinder-tracking-software-india-buyers-guide,blog_article,2026-08-23,sitemap_discovered_only,Title/URL only; body not reviewed
https://ctmsgas.com/blog/cylinder-tracking-software-price-india-cost-guide,/blog/cylinder-tracking-software-price-india-cost-guide,blog_article,2026-08-23,sitemap_discovered_only,Title/URL only; body not reviewed
https://ctmsgas.com/blog/qr-vs-rfid-vs-barcode-cylinder-tracking-comparison,/blog/qr-vs-rfid-vs-barcode-cylinder-tracking-comparison,blog_article,2026-08-23,sitemap_discovered_only,Title/URL only; body not reviewed
https://ctmsgas.com/blog/how-to-reduce-gas-cylinder-losses,/blog/how-to-reduce-gas-cylinder-losses,blog_article,2026-08-23,sitemap_discovered_only,Title/URL only; body not reviewed
https://ctmsgas.com/blog/excel-vs-cylinder-tracking-software,/blog/excel-vs-cylinder-tracking-software,blog_article,2026-08-23,sitemap_discovered_only,Title/URL only; body not reviewed
https://ctmsgas.com/blog/cylinder-tracking-software-features-checklist,/blog/cylinder-tracking-software-features-checklist,blog_article,2026-08-23,search_extract_sampled,"Search result excerpt, not full article"
https://ctmsgas.com/blog/how-gas-cylinder-tracking-software-works,/blog/how-gas-cylinder-tracking-software-works,blog_article,2026-08-23,search_extract_sampled,"Search result excerpt, not full article"
https://ctmsgas.com/blog/cylinder-tracking-software-roi-savings-calculator,/blog/cylinder-tracking-software-roi-savings-calculator,blog_article,2026-08-23,sitemap_discovered_only,Title/URL only; body not reviewed
https://ctmsgas.com/blog/cylinder-tracking-software-implementation-timeline,/blog/cylinder-tracking-software-implementation-timeline,blog_article,2026-08-23,search_extract_sampled,"Search result excerpt, not full article"
https://ctmsgas.com/blog/cloud-vs-on-premise-cylinder-management-software,/blog/cloud-vs-on-premise-cylinder-management-software,blog_article,2026-08-23,sitemap_discovered_only,Title/URL only; body not reviewed
https://ctmsgas.com/blog/how-to-track-gas-cylinders-using-qr-codes,/blog/how-to-track-gas-cylinders-using-qr-codes,blog_article,2026-08-23,sitemap_discovered_only,Title/URL only; body not reviewed
https://ctmsgas.com/blog/is-rfid-suitable-for-industrial-gas-cylinder-tracking,/blog/is-rfid-suitable-for-industrial-gas-cylinder-tracking,blog_article,2026-08-23,sitemap_discovered_only,Title/URL only; body not reviewed
https://ctmsgas.com/blog/best-qr-tag-material-for-industrial-gas-cylinders,/blog/best-qr-tag-material-for-industrial-gas-cylinders,blog_article,2026-08-23,sitemap_discovered_only,Title/URL only; body not reviewed
https://ctmsgas.com/blog/offline-cylinder-tracking-without-internet,/blog/offline-cylinder-tracking-without-internet,blog_article,2026-08-23,sitemap_discovered_only,Title/URL only; body not reviewed
https://ctmsgas.com/blog/handheld-rfid-reader-vs-bluetooth-rfid-sled,/blog/handheld-rfid-reader-vs-bluetooth-rfid-sled,blog_article,2026-08-23,sitemap_discovered_only,Title/URL only; body not reviewed
https://ctmsgas.com/blog/how-to-prevent-duplicate-cylinder-scanning,/blog/how-to-prevent-duplicate-cylinder-scanning,blog_article,2026-08-23,sitemap_discovered_only,Title/URL only; body not reviewed
https://ctmsgas.com/blog/cylinder-test-due-date-tracking-software,/blog/cylinder-test-due-date-tracking-software,blog_article,2026-08-23,search_extract_sampled,"Search result excerpt, not full article"
https://ctmsgas.com/blog/gas-cylinder-maintenance-history-records,/blog/gas-cylinder-maintenance-history-records,blog_article,2026-08-23,sitemap_discovered_only,Title/URL only; body not reviewed
https://ctmsgas.com/blog/digital-cylinder-records-peso-inspection-readiness,/blog/digital-cylinder-records-peso-inspection-readiness,blog_article,2026-08-23,sitemap_discovered_only,Title/URL only; body not reviewed
https://ctmsgas.com/blog/cylinder-rejection-and-scrap-management-process,/blog/cylinder-rejection-and-scrap-management-process,blog_article,2026-08-23,sitemap_discovered_only,Title/URL only; body not reviewed
https://ctmsgas.com/blog/gas-cylinder-safety-audit-checklist-for-distributors,/blog/gas-cylinder-safety-audit-checklist-for-distributors,blog_article,2026-08-23,sitemap_discovered_only,Title/URL only; body not reviewed
https://ctmsgas.com/blog/gas-cylinder-rental-billing-software,/blog/gas-cylinder-rental-billing-software,blog_article,2026-08-27,sitemap_discovered_only,Title/URL only; body not reviewed
https://ctmsgas.com/blog/customer-wise-cylinder-balance-report,/blog/customer-wise-cylinder-balance-report,blog_article,2026-08-27,sitemap_discovered_only,Title/URL only; body not reviewed
https://ctmsgas.com/blog/cylinder-stock-reconciliation,/blog/cylinder-stock-reconciliation,blog_article,2026-08-27,sitemap_discovered_only,Title/URL only; body not reviewed
https://ctmsgas.com/blog/daily-cylinder-movement-report,/blog/daily-cylinder-movement-report,blog_article,2026-08-27,sitemap_discovered_only,Title/URL only; body not reviewed
https://ctmsgas.com/blog/cylinder-ownership-tracking-software,/blog/cylinder-ownership-tracking-software,blog_article,2026-08-27,sitemap_discovered_only,Title/URL only; body not reviewed
https://ctmsgas.com/blog/cylinder-fleet-utilization,/blog/cylinder-fleet-utilization,blog_article,2026-08-27,sitemap_discovered_only,Title/URL only; body not reviewed
https://ctmsgas.com/blog/gas-cylinder-deposit-management,/blog/gas-cylinder-deposit-management,blog_article,2026-08-27,sitemap_discovered_only,Title/URL only; body not reviewed
https://ctmsgas.com/blog/inter-branch-cylinder-transfer,/blog/inter-branch-cylinder-transfer,blog_article,2026-08-27,sitemap_discovered_only,Title/URL only; body not reviewed
https://ctmsgas.com/blog/cylinder-tracking-dispute-resolution,/blog/cylinder-tracking-dispute-resolution,blog_article,2026-08-27,sitemap_discovered_only,Title/URL only; body not reviewed
https://ctmsgas.com/blog/cylinder-movement-transactions-explained,/blog/cylinder-movement-transactions-explained,blog_article,2026-08-27,sitemap_discovered_only,Title/URL only; body not reviewed
https://ctmsgas.com/blog/gas-cylinder-dispatch-validation,/blog/gas-cylinder-dispatch-validation,blog_article,2026-08-27,sitemap_discovered_only,Title/URL only; body not reviewed
https://ctmsgas.com/blog/gas-cylinder-proof-of-delivery,/blog/gas-cylinder-proof-of-delivery,blog_article,2026-08-27,sitemap_discovered_only,Title/URL only; body not reviewed
https://ctmsgas.com/blog/multi-plant-gas-cylinder-erp,/blog/multi-plant-gas-cylinder-erp,blog_article,2026-08-27,sitemap_discovered_only,Title/URL only; body not reviewed
https://ctmsgas.com/blog/tally-integration-for-gas-distributors,/blog/tally-integration-for-gas-distributors,blog_article,2026-08-27,sitemap_discovered_only,Title/URL only; body not reviewed
https://ctmsgas.com/blog/whatsapp-automation-gas-distribution,/blog/whatsapp-automation-gas-distribution,blog_article,2026-08-27,sitemap_discovered_only,Title/URL only; body not reviewed
https://ctmsgas.com/blog/gas-cylinder-refilling-software,/blog/gas-cylinder-refilling-software,blog_article,2026-08-27,sitemap_discovered_only,Title/URL only; body not reviewed
https://ctmsgas.com/blog/cylinder-bank-tracking-software,/blog/cylinder-bank-tracking-software,blog_article,2026-08-27,sitemap_discovered_only,Title/URL only; body not reviewed
https://ctmsgas.com/blog/medical-oxygen-cylinder-traceability,/blog/medical-oxygen-cylinder-traceability,blog_article,2026-08-27,sitemap_discovered_only,Title/URL only; body not reviewed
https://ctmsgas.com/blog/commercial-lpg-cylinder-tracking,/blog/commercial-lpg-cylinder-tracking,blog_article,2026-08-27,sitemap_discovered_only,Title/URL only; body not reviewed
https://ctmsgas.com/blog/gas-cylinders-rules-2026-review,/blog/gas-cylinders-rules-2026-review,blog_article,2026-08-27,sitemap_discovered_only,Title/URL only; body not reviewed
https://ctmsgas.com/blog/calibration-gas-cylinders-market-outlook-to-2035-2026-2vxc,/blog/calibration-gas-cylinders-market-outlook-to-2035-2026-2vxc,blog_article,2026-09-01,sitemap_discovered_only,Title/URL only; body not reviewed
https://ctmsgas.com/blog/peso-is-not-just-a-regulator-it-is-a-facilitator-r-2026-e412,/blog/peso-is-not-just-a-regulator-it-is-a-facilitator-r-2026-e412,blog_article,2026-09-08,sitemap_discovered_only,Title/URL only; body not reviewed
https://ctmsgas.com/blog/track-gas-cylinders-at-customer-locations,/blog/track-gas-cylinders-at-customer-locations,blog_article,2026-09-13,sitemap_discovered_only,Title/URL only; body not reviewed
https://ctmsgas.com/blog/gas-cylinder-stock-audit,/blog/gas-cylinder-stock-audit,blog_article,2026-09-13,sitemap_discovered_only,Title/URL only; body not reviewed
https://ctmsgas.com/blog/gas-cylinder-rental-calculation,/blog/gas-cylinder-rental-calculation,blog_article,2026-09-13,sitemap_discovered_only,Title/URL only; body not reviewed
https://ctmsgas.com/blog/qr-code-cylinder-tracking-workflow,/blog/qr-code-cylinder-tracking-workflow,blog_article,2026-09-13,sitemap_discovered_only,Title/URL only; body not reviewed
https://ctmsgas.com/blog/medical-oxygen-cylinder-inventory-management,/blog/medical-oxygen-cylinder-inventory-management,blog_article,2026-09-13,sitemap_discovered_only,Title/URL only; body not reviewed
https://ctmsgas.com/blog/manage-own-customer-vendor-owned-cylinders,/blog/manage-own-customer-vendor-owned-cylinders,blog_article,2026-09-13,sitemap_discovered_only,Title/URL only; body not reviewed
https://ctmsgas.com/blog/gas-cylinder-delivery-challan-tracking,/blog/gas-cylinder-delivery-challan-tracking,blog_article,2026-09-13,sitemap_discovered_only,Title/URL only; body not reviewed
https://ctmsgas.com/blog/tally-integration-for-gas-suppliers,/blog/tally-integration-for-gas-suppliers,blog_article,2026-09-13,sitemap_discovered_only,Title/URL only; body not reviewed
https://ctmsgas.com/blog/gas-cylinder-inventory-excel-vs-erp,/blog/gas-cylinder-inventory-excel-vs-erp,blog_article,2026-09-13,sitemap_discovered_only,Title/URL only; body not reviewed
https://ctmsgas.com/blog/gas-cylinder-stock-reports,/blog/gas-cylinder-stock-reports,blog_article,2026-09-13,sitemap_discovered_only,Title/URL only; body not reviewed
https://ctmsgas.com/blog/the-other-side-of-the-changes-in-the-cooking-gas-2026-i6e9,/blog/the-other-side-of-the-changes-in-the-cooking-gas-2026-i6e9,blog_article,2026-09-15,sitemap_discovered_only,Title/URL only; body not reviewed
https://ctmsgas.com/blog/raigad-3-000-hpcl-gas-cylinders-swept-away-into-2026-c5ln,/blog/raigad-3-000-hpcl-gas-cylinders-swept-away-into-2026-c5ln,blog_article,2026-09-22,sitemap_discovered_only,Title/URL only; body not reviewed
https://ctmsgas.com/blog/cylinder-rotation-management-slow-moving-non-returned-cylinders,/blog/cylinder-rotation-management-slow-moving-non-returned-cylinders,blog_article,2026-09-27,sitemap_discovered_only,Title/URL only; body not reviewed
https://ctmsgas.com/blog/backdated-cylinder-transactions-audit-trail,/blog/backdated-cylinder-transactions-audit-trail,blog_article,2026-09-27,sitemap_discovered_only,Title/URL only; body not reviewed
